{
  "idade_binned": {
    "<44.5": -1.6094379124341005,
    ">=44.5": 1.3862943611198906,
    "N/A": 0.6931471805599453
  },
  "renda_binned": {
    "<4050": -1.3862943611198906,
    ">=7650": 1.0986122886681098,
    "[4050, 7650)": 0.0,
    "N/A": 0.6931471805599453
  },
  "sexo": {
    "M": -0.40546510810816444,
    "F": 0.28768207245178085
  }
}